,traffic_x,traffic_y,traffic_x_km,traffic_y_km,traffic_area,place_name
0,-82.41481459604312,42.99424331185383,-9174.499575646116,4772.361007615775,22502.35382565591,Point Edward
